Department,Task / Skill Requirement,Vendor,Certification Name,Cost (USD),Justification
SDI,Develop ERP extensions and integrate business workflows in Dynamics 365,Microsoft,Microsoft Certified: Dynamics 365 Business Central Developer Associate,165,Confirms ability to customize ERP logic and automate business processes.
SDI,Develop REST APIs automation scripts and data-processing modules using Python 3,Python Institute,PCAP – Certified Associate in Python Programmi,295,Confirms competency in structured Python programming for backend service development.
SDI,Implement Scrum in sprint planning backlog grooming and iterative delivery,Scrum.org,Professional Scrum Developer™ I (PSD ,200,Ensures practical application of Agile Scrum methodology in software projects.
SDI,Develop Java SE applications using OOP streams concurrency and JDBC,Oracle,Oracle Certified Professional: Java SE 17 Developer,245,Validates ability to build production-level Java applications aligned with enterprise backend systems.
SDI,Design AI solutions using Azure Cognitive Services and ML pipelines,Microsoft,Microsoft Certified: Azure AI Engineer Associate (AI-102),165,Validates integration of AI services NLP and computer vision into enterprise apps.
IT,Deploy and manage secure hybrid cloud infrastructure workloads,CompTIA,CompTIA Cloud+,358,Confirms operational management of secure cloud and virtualization environments.
IT,Implement subnetting network security controls and performance troubleshooting,CompTIA,CompTIA Network+,358,Confirms vendor-neutral networking knowledge for enterprise environments.
IT,Design and manage enterprise cybersecurity architecture and governance,ISC2,Certified Information Systems Security Professional (CISSP),749,Globally recognized credential for advanced cybersecurity leadership.
IT,Diagnose motherboard RAM  storage issues and configure Windows/Linux OS,CompTIA,CompTIA A+,246,Establishes foundational technical support and troubleshooting skills.
IT,Design scalable and secure cloud architecture solutions,Google Cloud,Professional Cloud Architect,200,Validates ability to design high-availability and secure cloud systems.
IT,"Implement access control, risk assessment and incident response procedures",CompTIA,CompTIA Security+,392,Validates baseline cybersecurity protection skills for IT infrastructure.
IT,"Configure VLANs, static/dynamic routing and troubleshoot IP networks",Cisco,Cisco Certified Network Associate (CCNA 200-301),300,Validates hands-on enterprise network deployment and troubleshooting skills.
IT,Implement IT service lifecycle processes including incident change and service management,AXELOS,ITIL® 4 Foundatio,300,Validates knowledge of IT service management best practices for enterprise support.
